66,stackexchange.com
67,aliexpress.com
68,office.com
69,whatsapp.com
70,medicalnewstoday.com
71,soundcloud.com
72,gravatar.com
73,icloud.com
74,nih.gov
75,naver.com
76,cnn.com
77,bbc.co.uk
78,alipay.com
79,stackoverflow.com
80,w3.org
81,apache.org
82,sourceforge.net
83,tribunnews.com
84,google.co.in
85,ytimg.com
86,theguardian.com
87,akamaiedge.net
88,europa.eu
89,google.com.hk
90,slideshare.net
91,go.com
92,whitepages.com
93,googlesyndication.com
94,amazon.co.jp
95,office365.com
96,bbc.com
97,nflxso.net
98,giphy.com
99,medium.com
