0,google.com
1,youtube.com
2,netflix.com
3,facebook.com
4,microsoft.com
5,twitter.com
6,wikipedia.org
7,yelp.com
8,instagram.com
9,baidu.com
10,linkedin.com
11,apple.com
12,qq.com
13,yahoo.com
14,msn.com
15,amazon.com
16,pinterest.com
17,live.com
18,taobao.com
19,tmall.com
20,bing.com
21,buzzfeed.com
22,adobe.com
23,doubleclick.net
24,reddit.com
25,fandom.com
26,blogspot.com
27,sohu.com
28,wordpress.com
29,vimeo.com
30,youtu.be
31,weibo.com
32,sina.com.cn
33,vk.com
34,googletagmanager.com
35,jd.com
36,amazonaws.com
37,goo.gl
38,quizlet.com
39,github.com
40,google-analytics.com
41,yandex.ru
42,t.co
43,360.cn
44,ebay.com
45,imgur.com
46,tumblr.com
47,googleusercontent.com
48,bit.ly
49,godaddy.com
50,microsoftonline.com
51,wordpress.org
52,mozilla.org
53,twitch.tv
54,paypal.com
55,nytimes.com
56,people.com
57,csdn.net
58,yahoo.co.jp
59,mail.ru
60,skype.com
61,pornhub.com
62,dropbox.com
63,imdb.com
64,flickr.com
65,urbandictionary.com
66,stackexchange.com
67,aliexpress.com
68,office.com
69,whatsapp.com
70,medicalnewstoday.com
71,soundcloud.com
72,gravatar.com
73,icloud.com
74,nih.gov
75,naver.com
76,cnn.com
77,bbc.co.uk
78,alipay.com
79,stackoverflow.com
80,w3.org
81,apache.org
82,sourceforge.net
83,tribunnews.com
84,google.co.in
85,ytimg.com
86,theguardian.com
87,akamaiedge.net
88,europa.eu
89,google.com.hk
90,slideshare.net
91,go.com
92,whitepages.com
93,googlesyndication.com
94,amazon.co.jp
95,office365.com
96,bbc.com
97,nflxso.net
98,giphy.com
99,medium.com
100,https://fingerprintjs.com/demo
